xjbvdaaz@formtest.guru;
dtqrhfnh@dont-reply.me;
ueanpohs@dont-reply.me;
test@testmail.test;
wtpevvpvuo;
dyjacphl@formtest.guru;
abhidwsj@dont-reply.me;
ubazuitn@dont-reply.me;
swgvwpvh@formtest.guru;
dlwkxhwd@dont-reply.me;
rroceiya@dont-reply.me;
test@testmail.test;
wsf5jb8shd;
zmbrraip@dont-reply.me;
uefctany@dont-reply.me;
zrqyqldp@dont-reply.me;
ioedktxk@testform.xyz;
sxjeriov@testform.xyz;
llysdqoy@testform.xyz;
zrqzfgqe@testform.xyz;
qtlrgzpq@testform.xyz;
tjmvoqof@testform.xyz;
ruwfjulj@testform.xyz;
tlhvhtsj@testform.xyz;
costaris67@gmail.com;
degacovu132@gmail.com;
hammondgrace137@gmail.com;
ajumicowohuh46@gmail.com;
slmanbrook3@gmail.com;
slmanbrook3@gmail.com;
slmanbrook3@gmail.com;
pagutevay313@gmail.com;
pagutevay313@gmail.com;
deaudranice@msn.com;
southeastequip454@gmail.com;
lifocubo94@gmail.com;
samantha.boucher13@gmail.com;
allen.devis.d@gmail.com;
simo1766.97@gmail.com;
dockterc@gmail.com;
don.pitts1@gmail.com;
uroxokuba422@gmail.com;
tokogijow62@gmail.com;
utoqovususo451@gmail.com;
combsrozalinb5@gmail.com;
uvupiyihew242@gmail.com;
afolokip957@gmail.com;
uxulukaqub38@gmail.com;
yetojifez897@gmail.com;
rodello.parel@gmail.com;
rdean33914@aol.com;
lizboggs.eb@gmail.com;
da.v.i.d.li.p.s.it@gmail.com;
kakjoe@msn.com;
a.t.eyu.hub.a.26@gmail.com;
maya@mezzetti.com;
rebecca.johnson@trucordia.com;
nbaxter@lce.com;
hhrjkkpl@checkyourform.xyz;
tgezhsmy@checkyourform.xyz;
gzohlppo@forms-checker.online;
xqfkdznh@forms-checker.online;
ifquhvnv@checkyourform.xyz;
wuxdegmj@checkyourform.xyz;
h.i.m.u.xim.aj.46@gmail.com;
nfvvspid@forms-checker.online;
wyvyoewf@forms-checker.online;
in.u.vu.de.c.aqu.5.1@gmail.com;
i.ka.m.i.t.i.ro.w34@gmail.com;
buzovkinasasha1989@rambler.ru;
winnwahl@icloud.com;
lesliejust@benderson.com;
rbthmpsn42@sbcglobal.net;
veselov@mt-system.ru;
yoti.pe.quxo.b.50@gmail.com;
yoti.pe.quxo.b.50@gmail.com;
ulwryzej@checkyourform.xyz;
hdmtgeof@checkyourform.xyz;
n.op.ar.o.w.a.t.o.l5.7@gmail.com;
te.b.imaf.u.426@gmail.com;
m.e.t.ik.a.du04@gmail.com;
i.s.ahu.nup.uv.i.35.5@gmail.com;
ri.b.ibavew.iga49@gmail.com;
eb.ul.igo.9.25@gmail.com;
o.naw.a.c.ip.ogi1.69@gmail.com;
t.oxal.ogo93@gmail.com;
dgefsupm@immenseignite.info;
thmpiziu@immenseignite.info;
